Book,Conference,Scholar articles,Publication date,Volume,PDF Link,Patent office,Report number,Source,Pages,Research Interests,Total citations,Researcher Name,Inventors,Patent number,Title,Institution,Journal,Application number,Scholar Link,Issue,Publisher,Authors,Description,Classified_Topic,Classification_Confidence
,,"Twistor and"" weak"" gauge structures in the framework of quaternionic analysis
VV Kassandrov, JA Rizcallah - arXiv preprint gr-qc/0012109, 2000
Cited by 16 Related articles All 4 versions",2000/12/29,,https://arxiv.org/pdf/gr-qc/0012109,,,,,"Physics, Mathematics, Physics and Mathematics Education",Cited by 16,Joseph Rizcallah,,,"Twistor and"" weak"" gauge structures in the framework of quaternionic analysis",,arXiv preprint gr-qc/0012109,,https://scholar.google.com/citations?view_op=view_citation&hl=en&user=_yX7T8EAAAAJ&citation_for_view=_yX7T8EAAAAJ:Y0pCki6q_DkC,,,"Vladimir V Kassandrov, Joseph A Rizcallah","The earlier proposed conditions of (bi)quaternionic differentiability are nonlinear, give rize to the 2-spinor and the self-dual gauge structures and may be considered as the it generating system of equations (GSE) with respect to the source-free Maxwell, Yang-Mills and eikonal equations. We present the general solution of the GSE in terms of twistor variables, analize its rather specific gauge symmetry and demonstrate the relation of GSE to the equations of shear-free null congruences and, consequently, - to effective metrics of Kerr- Shild type. The concept of particles as singularities of physical fields associated with the solutions of GSE is developed",physics,0.4
,,"Maxwell, Yang–Mills, Weyl and eikonal fields defined by any null shear-free congruence
VV Kassandrov, JA Rizcallah - International Journal of Geometric Methods in Modern …, 2017
Cited by 12 Related articles All 8 versions",2017/2/2,14.0,https://arxiv.org/pdf/1612.06718,,,,1750031,"Physics, Mathematics, Physics and Mathematics Education",Cited by 12,Joseph Rizcallah,,,"Maxwell, Yang–Mills, Weyl and eikonal fields defined by any null shear-free congruence",,International Journal of Geometric Methods in Modern Physics,,https://scholar.google.com/citations?view_op=view_citation&hl=en&user=_yX7T8EAAAAJ&citation_for_view=_yX7T8EAAAAJ:IjCSPb-OGe4C,2.0,World Scientific Publishing Company,"Vladimir V Kassandrov, Joseph A Rizcallah","We show that (specifically scaled) equations of shear-free null geodesic congruences on the Minkowski space-time possess intrinsic self-dual, restricted gauge and algebraic structures. The complex eikonal, Weyl 2-spinor, Yang–Mills and complex Maxwell fields, the latter produced by integer-valued electric charges (“elementary” for the Kerr-like congruences), can all be explicitly associated with any shear-free null geodesic congruence. Using twistor variables, we derive the general solution of the equations of the shear-free null geodesic congruence (as a modification of the Kerr theorem) and analyze the corresponding “particle-like” field distributions, with bounded singularities of the associated physical fields. These can be obtained in a straightforward algebraic way and exhibit nontrivial collective dynamics simulating physical interactions.",physics,0.4
,,"Moment of inertia by differentiation
JA Rizcallah - The Physics Teacher, 2015
Cited by 9 Related articles All 6 versions",2015/11/1,53.0,https://www.researchgate.net/profile/Joseph-Rizcallah/publication/282943813_Moment_of_Inertia_by_Differentiation/links/5623913b08ae70315b5dabf8/Moment-of-Inertia-by-Differentiation.pdf,,,,482-484,"Physics, Mathematics, Physics and Mathematics Education",Cited by 9,Joseph Rizcallah,,,Moment of inertia by differentiation,,The Physics Teacher,,https://scholar.google.com/citations?view_op=view_citation&hl=en&user=_yX7T8EAAAAJ&citation_for_view=_yX7T8EAAAAJ:u-x6o8ySG0sC,8.0,AIP Publishing,Joseph A Rizcallah,"The calculation of the moment of inertia of an extended body, as presented in standard introductory-level textbooks, involves the evaluation of a definite integral—an operation often not fully mastered by beginners, let alone the conceptual difficulties it presents, even to the advanced student, in understanding and setting up the integral in the first place. We here use dimensional analysis along with elementary differentiation techniques to derive the moments of inertia of various extended bodies. The suggested method does not employ integrals and, in effect, is just a disguised application of elementary ordinary differential equations.",Unclassified,0.0
,,"Revisiting the Coulomb-damped harmonic oscillator
JA Rizcallah - European Journal of Physics, 2019
Cited by 8 Related articles All 5 versions",2019/8/23,40.0,https://arxiv.org/pdf/1908.10363,,,,055004,"Physics, Mathematics, Physics and Mathematics Education",Cited by 8,Joseph Rizcallah,,,Revisiting the Coulomb-damped harmonic oscillator,,European Journal of Physics,,https://scholar.google.com/citations?view_op=view_citation&hl=en&user=_yX7T8EAAAAJ&citation_for_view=_yX7T8EAAAAJ:eQOLeE2rZwMC,5.0,IOP Publishing,Joseph A Rizcallah,"The force of dry friction is studied extensively in introductory physics but its effect on oscillations is hardly ever mentioned. Instead, to provide a mathematically tractable introduction to damping, virtually all authors adopt a viscous resistive force. While exposure to linear damping is of paramount importance to the student of physics, the omission of Coulomb damping might have a negative impact on the way the students conceive of the subject. In the paper, we propose to approximate the action of Coulomb friction on a harmonic oscillator by a sinusoidal resistive force whose amplitude is the model's only free parameter. We seek the value of this parameter that yields the best fit and obtain a closed-form analytic solution, which is shown to nicely fit the numerical one.",physics,0.605
,,"Double gauge invariance and covariantly-constant vector fields in Weyl geometry
VV Kassandrov, JA Rizcallah - General Relativity and Gravitation, 2014
Cited by 5 Related articles All 8 versions",2014/8,46.0,https://arxiv.org/pdf/1311.5423,,,,1-12,"Physics, Mathematics, Physics and Mathematics Education",Cited by 5,Joseph Rizcallah,,,Double gauge invariance and covariantly-constant vector fields in Weyl geometry,,General Relativity and Gravitation,,https://scholar.google.com/citations?view_op=view_citation&hl=en&user=_yX7T8EAAAAJ&citation_for_view=_yX7T8EAAAAJ:zYLM7Y9cAGgC,,Springer US,"Vladimir V Kassandrov, Joseph A Rizcallah","The wave equation and equations of covariantly-constant vector fields (CCVF) in spaces with Weyl nonmetricity turn out to possess, in addition to the canonical conformal-gauge, a gauge invariance of another type. On a Minkowski metric background, the CCVF system alone allows us to pin down the Weyl 4-metricity vector, identified herein with the electromagnetic potential. The fundamental solution is given by the ordinary Lienard–Wiechert field, in particular, by the Coulomb distribution for a charge at rest. Unlike the latter, however, the magnitude of charge is necessarily unity, “elementary”, and charges of opposite signs correspond to retarded and advanced potentials respectively, thus establishing a direct connection between the particle/antiparticle asymmetry and the “arrow of time”.",Unclassified,0.0
,,"Recent Problems in Field Theory
VV Kassandrov, JA Rizcallah - 1998
Cited by 5 Related articles",1998,,,,,,176,"Physics, Mathematics, Physics and Mathematics Education",Cited by 5,Joseph Rizcallah,,,Recent Problems in Field Theory,,,,https://scholar.google.com/citations?view_op=view_citation&hl=en&user=_yX7T8EAAAAJ&citation_for_view=_yX7T8EAAAAJ:hqOjcs7Dif8C,,Kasan Univ. Press,"VV Kassandrov, JA Rizcallah",,Unclassified,0.0
,,"On the elliptic locus of a family of projectiles
JA Rizcallah - European Journal of Physics, 2020
Cited by 3 Related articles All 5 versions",2020/4/20,41.0,https://arxiv.org/pdf/2006.12380,,,,035004,"Physics, Mathematics, Physics and Mathematics Education",Cited by 3,Joseph Rizcallah,,,On the elliptic locus of a family of projectiles,,European Journal of Physics,,https://scholar.google.com/citations?view_op=view_citation&hl=en&user=_yX7T8EAAAAJ&citation_for_view=_yX7T8EAAAAJ:_FxGoFyzp5QC,3.0,IOP Publishing,Joseph A Rizcallah,"A little-known property of free-fall motion is the elliptic locus of the maximum heights attained by coplanar projectiles launched from a single point in different directions with the same initial speed. Another, less-known, and perhaps somewhat surprising, property of this family consists in the said ellipse being also the geometric locus of the critical points of the projectiles' distances from the launch point. In the article, to gain a better perspective on the geometry involved, we consider these loci from the standpoint of a free-falling frame. It is shown that, in this reference frame, the considered loci are congruent circles tangent to each other along the horizontal and internally tangent to another, twice as big a circle, which represents the locus of the projectiles' ranges. This simplified geometric description is employed to recover the elliptic locus in the laboratory frame and further explore its properties.",Unclassified,0.0
,,"Projectile motion without calculus
JA Rizcallah - Physics Education, 2018
Cited by 3 Related articles All 6 versions",2018/4/16,53.0,https://arxiv.org/pdf/1907.13458,,,,045002,"Physics, Mathematics, Physics and Mathematics Education",Cited by 3,Joseph Rizcallah,,,Projectile motion without calculus,,Physics Education,,https://scholar.google.com/citations?view_op=view_citation&hl=en&user=_yX7T8EAAAAJ&citation_for_view=_yX7T8EAAAAJ:Tyk-4Ss8FVUC,4.0,IOP Publishing,Joseph A Rizcallah,"Projectile motion is a constant theme in introductory-physics courses. It is often used to illustrate the application of differential and integral calculus. While most of the problems used for this purpose, such as maximizing the range, are kept at a fairly elementary level, some, such as determining the safe domain, involve not so elementary techniques, which can hardly be assumed of the targeted audience. In the literature, several attempts have been undertaken to avoid calculus altogether and keep the exposition entirely within the realm of algebra and/or geometry. In this paper, we propose yet another non-calculus approach which uses the projectile's travel times to shed new light on these problems and provide instructors with an alternate method to address them with their students.",physics,0.604
,,"Regularized Lienard-Wiechert fields in a space with torsion
VV Kassandrov, JA Rizcallah - Gravitation and Cosmology, 2015
Cited by 3 Related articles All 9 versions",2015/10,21.0,https://arxiv.org/pdf/1510.01228,,,,273-278,"Physics, Mathematics, Physics and Mathematics Education",Cited by 3,Joseph Rizcallah,,,Regularized Lienard-Wiechert fields in a space with torsion,,Gravitation and Cosmology,,https://scholar.google.com/citations?view_op=view_citation&hl=en&user=_yX7T8EAAAAJ&citation_for_view=_yX7T8EAAAAJ:UeHWp8X0CEIC,4.0,Pleiades Publishing,"Vladimir V Kassandrov, Joseph A Rizcallah","We consider the equations of covariantly constant vector fields (CCVF) in a space with torsion determined by its trace. The latter is interpreted as a form of the electromagnetic (EM) 4-potentials and, on a fixed metric background, turns out to be fully determined by the CCVF equations. When the metric is Minkowskian, the above equations possess two topologically distinct solutions, with the associated EM fields being asymptotically of Lienard-Wiechert type and having distributed sources, with a fixed (“elementary”) value of the electric charge. One of the solutions is everywhere regular whereas the other is singular on a 2-dimensional shell. The propagation speed of the EM fields depends on the local charge density and only asymptotically approaches the speed of light.",Unclassified,0.0
,,"Approximating the linearly impeded projectile by a tilted idealized one
JA Rizcallah - Physics Education, 2018
Cited by 2 Related articles All 4 versions",2018/9/7,53.0,https://www.researchgate.net/profile/Joseph-Rizcallah/publication/327522585_Approximating_the_linearly_impeded_projectile_by_a_tilted_idealized_one/links/5b990eac458515310580bd78/Approximating-the-linearly-impeded-projectile-by-a-tilted-idealized-one.pdf,,,,065012,"Physics, Mathematics, Physics and Mathematics Education",Cited by 2,Joseph Rizcallah,,,Approximating the linearly impeded projectile by a tilted idealized one,,Physics Education,,https://scholar.google.com/citations?view_op=view_citation&hl=en&user=_yX7T8EAAAAJ&citation_for_view=_yX7T8EAAAAJ:9yKSN-GCB0IC,6.0,IOP Publishing,Joseph A Rizcallah,"At the introductory level, projectile motion is usually considered under the assumption of the absence of air resistance. Even the simplest case of linear drag might be beyond the students, as it requires some familiarity with differential equations. This leaves many students wondering about the effect of air resistance on the motion and the way it can be accounted for. In this paper, we propose to approximate the linearly impeded projectile, under appropriate circumstances, by an idealized one moving in a uniform force field tilted with respect to the vertical. This provides a reasonably good first approximation to the effects of air resistance on shallow trajectories and is accessible to most students with very little calculus.",Unclassified,0.0
,,"Self-dual connections and the equations of fundamental fields in a Weyl–Cartan space
VV Kassandrov, JA Rizcallah - Physics of Particles and Nuclei, 2018
Cited by 2 Related articles All 9 versions",2018/1,49.0,https://arxiv.org/pdf/1808.01652,,,,5-6,"Physics, Mathematics, Physics and Mathematics Education",Cited by 2,Joseph Rizcallah,,,Self-dual connections and the equations of fundamental fields in a Weyl–Cartan space,,Physics of Particles and Nuclei,,https://scholar.google.com/citations?view_op=view_citation&hl=en&user=_yX7T8EAAAAJ&citation_for_view=_yX7T8EAAAAJ:d1gkVwhDpl0C,,Pleiades Publishing,"Vladimir V Kassandrov, Joseph A Rizcallah","Spaces with a Weyl-type connection and torsion of a special type that are determined by the structure of the differentiability conditions in the algebra of complex quaternions are considered. These conditions are consistent only if the curvature of the connection is self-dual. The Maxwell and SL(2,ℂ) Yang–Mills fields associated with the irreducible components of the connection also turn out to be self-dual, so that the corresponding equations are fulfilled on the solutions of the generating system. Using the twistor structure of the latter, its general solution is obtained. The singular locus has a string-like (particle-like) structure generating the self-consistent algebraic dynamics of the string system.",Unclassified,0.0
,,"Isoperimetric Triangles
JA Rizcallah - Mathematics Teacher, 2017
Cited by 2 Related articles All 4 versions",2017,111.0,https://www.researchgate.net/profile/Joseph-Rizcallah/publication/319339807_Isoperimetric_Triangles/links/59b28eb0458515a5b48cf69b/Isoperimetric-Triangles.pdf,,,,70-74,"Physics, Mathematics, Physics and Mathematics Education",Cited by 2,Joseph Rizcallah,,,Isoperimetric Triangles,,Mathematics Teacher,,https://scholar.google.com/citations?view_op=view_citation&hl=en&user=_yX7T8EAAAAJ&citation_for_view=_yX7T8EAAAAJ:W7OEmFMy1HYC,1.0,NCTM,Joseph A Rizcallah,"The isoperimetric problem is a well-known problem in geometry, and it has a long and rich history (Blasjo 2005). In the plane, the isoperimetric problem consists of finding the simple closed curve of a given perimeter that encloses the greatest area, with the circle being the famous solution. Attempts to solve the isoperimetric problem, as well as other analogous problems in calculus and physics, were undertaken by many great mathematicians in the past whose work ultimately laid the foundation for the elegant branch of analysis known today as the calculus of variations.",physics,0.606
,,"A charged particle driven by an electromagnetic wave in crossed electric and magnetic fields
YN Shaar, JA Rizcallah, SP Karnilovich - Physica Scripta, 2023
Cited by 1 Related articles All 2 versions",2023/3/21,98.0,,,,,045018,"Physics, Mathematics, Physics and Mathematics Education",Cited by 1,Joseph Rizcallah,,,A charged particle driven by an electromagnetic wave in crossed electric and magnetic fields,,Physica Scripta,,https://scholar.google.com/citations?view_op=view_citation&hl=en&user=_yX7T8EAAAAJ&citation_for_view=_yX7T8EAAAAJ:MXK_kJrjxJIC,4.0,IOP Publishing,"Yahya N Shaar, Joseph A Rizcallah, Sergey P Karnilovich",We investigate the motion of a charged particle in the field of a plane electromagnetic wave propagating perpendicular to a static crossed configuration of uniform electric and magnetic fields. The relativistic equations of motion are stated and integrated in a special case taking advantage of the existence of a constant of motion. The obtained solutions are analyzed for various polarizations of the electromagnetic wave.,Unclassified,0.0
,,"Revisiting the geometry of two-source interference
JA Rizcallah - Physics Education, 2021
Cited by 1 Related articles All 4 versions",2021/6/30,56.0,https://www.researchgate.net/profile/Joseph-Rizcallah/publication/352859723_Revisiting_the_geometry_of_two-source_interference/links/60e0d60c299bf1ea9edde363/Revisiting-the-geometry-of-two-source-interference.pdf,,,,055021,"Physics, Mathematics, Physics and Mathematics Education",Cited by 1,Joseph Rizcallah,,,Revisiting the geometry of two-source interference,,Physics Education,,https://scholar.google.com/citations?view_op=view_citation&hl=en&user=_yX7T8EAAAAJ&citation_for_view=_yX7T8EAAAAJ:UebtZRa9Y70C,5.0,IOP Publishing,Joseph A Rizcallah,"We reexamine the approximate formula for the path difference in the double-slit interference experiment, establish its limits of applicability from a geometric perspective and discuss its validity for the two-source interference of acoustic and surface waves.",Unclassified,0.0
,,"Comment on ‘Forbidden collisions’
JA Rizcallah - Physics Education, 2020
Cited by 1 Related articles All 2 versions",2020/7/28,55.0,,,,,058001,"Physics, Mathematics, Physics and Mathematics Education",Cited by 1,Joseph Rizcallah,,,Comment on ‘Forbidden collisions’,,Physics Education,,https://scholar.google.com/citations?view_op=view_citation&hl=en&user=_yX7T8EAAAAJ&citation_for_view=_yX7T8EAAAAJ:roLk4NBRz8UC,5.0,IOP Publishing,Joseph A Rizcallah,"In their recent article (Binder et al Phys. Educ. 55 033010) the authors consider 1-dimensional collisions in which one of the colliding objects appears to overtake the other. The authors arrive at the conclusion that these collisions are forbidden on grounds of impenetrability of matter. In this note, we comment on the authors' results and show that such'overtaking'collisions can be realized in fairly simple settings with no recourse to penetrability.",physics,0.4
,,"Biquaternionic Analysis, Cyclic Quaternionic Fields, and Generalization of the Kerr–Penrose Theorem
VV Kassandrov, JA Rizcallah - Gravitation and Cosmology, 2024
Related articles All 2 versions",2024/3,30.0,,,,,1-7,"Physics, Mathematics, Physics and Mathematics Education",,Joseph Rizcallah,,,"Biquaternionic Analysis, Cyclic Quaternionic Fields, and Generalization of the Kerr–Penrose Theorem",,Gravitation and Cosmology,,https://scholar.google.com/citations?view_op=view_citation&hl=en&user=_yX7T8EAAAAJ&citation_for_view=_yX7T8EAAAAJ:KlAtU1dfN6UC,1.0,Pleiades Publishing,"VV Kassandrov, JA Rizcallah","We give a concise introduction to biquaternionic analysis and the so-called algebrodynamical approach to field theory and highlight some of its connections to twistors, shear-free null congruences and classical field/particle dynamics. We also attempt to extend the analysis to another (“cyclic”) class of solutions to the equations of biquaternionic differentiability and explore some of the properties of the associated congruences and static singularities which allow for the construction of classical models of particles.",Unclassified,0.0
,,"Algebrodynamics: Shear-Free Null Congruences and New Types of Electromagnetic Fields
VV Kassandrov, JA Rizcallah, IA Matveev - Axioms, 2023
Related articles All 8 versions",2023/11/20,12.0,https://www.mdpi.com/2075-1680/12/11/1061,,,,1061,"Physics, Mathematics, Physics and Mathematics Education",,Joseph Rizcallah,,,Algebrodynamics: Shear-Free Null Congruences and New Types of Electromagnetic Fields,,Axioms,,https://scholar.google.com/citations?view_op=view_citation&hl=en&user=_yX7T8EAAAAJ&citation_for_view=_yX7T8EAAAAJ:3fE2CSJIrl8C,11.0,MDPI,"Vladimir V Kassandrov, Joseph A Rizcallah, Ivan A Matveev","We briefly present our version of noncommutative analysis over matrix algebras, the algebra of biquaternions (B) in particular. We demonstrate that any B-differentiable function gives rise to a null shear-free congruence (NSFC) on the B-vector space CM and on its Minkowski subspace M. Making use of the Kerr–Penrose correspondence between NSFC and twistor functions, we obtain the general solution to the equations of B-differentiability and demonstrate that the source of an NSFC is, generically, a world sheet of a string in CM. Any singular point, caustic of an NSFC, is located on the complex null cone of a point on the generating string. Further we describe symmetries and associated gauge and spinor fields, with two electromagnetic types among them. A number of familiar and novel examples of NSFC and their singular loci are described. Finally, we describe a conservative algebraic dynamics of a set of identical particles on the “Unique Worldline” and discuss the connections of the theory with the Feynman–Wheeler concept of “One-Electron Universe”.",mathematics,0.4
,,"Inverse-Square Orbits Revisited
JA Rizcallah, YN Shaar - The Physics Educator, 2022
Related articles All 3 versions",2022/9,4.0,https://www.researchgate.net/profile/Joseph-Rizcallah/publication/363388736_Inverse-Square_Orbits_Revisited/links/6321baf3071ea12e3632694c/Inverse-Square-Orbits-Revisited.pdf?origin=journalDetail&_tp=eyJwYWdlIjoiam91cm5hbERldGFpbCJ9,,,,2250011,"Physics, Mathematics, Physics and Mathematics Education",,Joseph Rizcallah,,,Inverse-Square Orbits Revisited,,The Physics Educator,,https://scholar.google.com/citations?view_op=view_citation&hl=en&user=_yX7T8EAAAAJ&citation_for_view=_yX7T8EAAAAJ:5nxA0vEk-isC,3.0,World Scientific Publishing Company,"Joseph A Rizcallah, Yahya N Shaar","Kepler’s laws are an essential part of any mechanics course at the introductory level. They are commonly used to illustrate the power of Newton’s laws at explaining and predicting the motion of planets and comets around the sun. While the derivation of the second and third laws are outlined in every standard textbook, that of the first law (and the shape of orbits in general) is invariably omitted, due mainly to the insufficient proficiency of the targeted students in differential equations. The paper offers a workaround this difficulty. Assuming familiarity with the basic properties of conics and employing Newton’s law of universal gravitation, we manage to obtain, with very little calculus, the classic result: orbits are conic sections whose nature is determined by the body’s total energy.",Unclassified,0.0
,,"A deformable wireframe in a uniform magnetic field
JA Rizcallah - Physics Education, 2021
Related articles All 4 versions",2021/4/29,56.0,https://www.researchgate.net/profile/Joseph-Rizcallah/publication/351213052_A_deformable_wireframe_in_a_uniform_magnetic_field/links/6098f65792851c490fcc297e/A-deformable-wireframe-in-a-uniform-magnetic-field.pdf,,,,045008,"Physics, Mathematics, Physics and Mathematics Education",,Joseph Rizcallah,,,A deformable wireframe in a uniform magnetic field,,Physics Education,,https://scholar.google.com/citations?view_op=view_citation&hl=en&user=_yX7T8EAAAAJ&citation_for_view=_yX7T8EAAAAJ:Se3iqnhoufwC,4.0,IOP Publishing,Joseph A Rizcallah,"The net force and net torque exerted by a uniform magnetic field on a rigid current-carrying loop are discussed in all introductory physics textbooks. A notable omission, however, is the discussion of the equilibrium of a deformable current-carrying loop in a uniform magnetic field. In the article, we present such an analysis for the simplest case of a quadrilateral current-carrying wireframe placed in a uniform magnetic field. We discuss the area-maximizing effect of the field on the frame and use the conditions of translational and rotational equilibrium to establish the'cyclicity'of the latter as well as the uniformity of the magnitude of the contact forces acting at its joints.",physics,0.606
,,"Revisiting the Coulomb-damped harmonic oscillator (vol 40, 055004, 2019)
JA Rizcallah - EUROPEAN JOURNAL OF PHYSICS, 2020
Related articles",2020/3/1,41.0,,,,,,"Physics, Mathematics, Physics and Mathematics Education",,Joseph Rizcallah,,,"Revisiting the Coulomb-damped harmonic oscillator (vol 40, 055004, 2019)",,EUROPEAN JOURNAL OF PHYSICS,,https://scholar.google.com/citations?view_op=view_citation&hl=en&user=_yX7T8EAAAAJ&citation_for_view=_yX7T8EAAAAJ:LkGwnXOMwfcC,2.0,IOP PUBLISHING LTD,Joseph A Rizcallah,,Unclassified,0.0
,,"Erratum: Revisiting the Coulomb-damped harmonic oscillator (2019 Eur. J. Phys. 40 055004)
JA Rizcallah - European Journal of Physics, 2020
Related articles All 2 versions",2020/1/16,41.0,,,,,029601,"Physics, Mathematics, Physics and Mathematics Education",,Joseph Rizcallah,,,Erratum: Revisiting the Coulomb-damped harmonic oscillator (2019 Eur. J. Phys. 40 055004),,European Journal of Physics,,https://scholar.google.com/citations?view_op=view_citation&hl=en&user=_yX7T8EAAAAJ&cstart=20&pagesize=80&citation_for_view=_yX7T8EAAAAJ:ufrVoPGSRksC,2.0,IOP Publishing,Joseph A Rizcallah,"The following errors were introduced during the typesetting process. On page 3 of the original paper, a minus sign was wrongly typeset as a hyphen and another minus sign went missing, introducing some ambiguity in the mathematical presentation. The sentence affected reads thus (error highlighted in bold):",physics,0.4
,,"Comment on ‘Relative speeds in 2D elastic collisions’
JA Rizcallah - Physics Education, 2019
Related articles All 3 versions",2019/7/2,54.0,https://www.researchgate.net/profile/Joseph-Rizcallah/publication/334190736_Comment_on_'Relative_speeds_in_2D_elastic_collisions'/links/5d263eb8a6fdcc2462d405bb/Comment-on-Relative-speeds-in-2D-elastic-collisions.pdf,,,,056501,"Physics, Mathematics, Physics and Mathematics Education",,Joseph Rizcallah,,,Comment on ‘Relative speeds in 2D elastic collisions’,,Physics Education,,https://scholar.google.com/citations?view_op=view_citation&hl=en&user=_yX7T8EAAAAJ&cstart=20&pagesize=80&citation_for_view=_yX7T8EAAAAJ:YsMSGLbcyi4C,5.0,IOP Publishing,Joseph A Rizcallah,"In his recent article (Ker Liang Goh 2019 Phys. Educ. 54 023001) the author provides a proof of the equality of the particles' relative speeds before and after a 2D elastic collision. The author employs momentum and energy conservation in the laboratory frame and tons of algebra and trigonometry to achieve his goal. In this note, we present a more physical approach based on the Galilean invariance of the relative velocity that requires very little algebra and no trigonometry.",physics,0.4
,,"Self-dual connections and the equations of fundamental fields in a Weyl-Cartan space
JA Rizcallah - Physics of Particles and Nuclei, 2018
Related articles",2018/1/15,49.0,,,,,,"Physics, Mathematics, Physics and Mathematics Education",,Joseph Rizcallah,,,Self-dual connections and the equations of fundamental fields in a Weyl-Cartan space,,Physics of Particles and Nuclei,,https://scholar.google.com/citations?view_op=view_citation&hl=en&user=_yX7T8EAAAAJ&cstart=20&pagesize=80&citation_for_view=_yX7T8EAAAAJ:0EnyYjriUFMC,1.0,,JA Rizcallah,"Spaces with a Weyl-type connection and torsion of a special type that are determined by the structure of the differentiability conditions in the algebra of complex quaternions are considered. These conditions are consistent only if the curvature of the connection is self-dual. The Maxwell and SL (2,ℂ) Yang-Mills fields associated with the irreducible components of the connection also turn out to be self-dual, so that the corresponding equations are fulfilled on the solutions of the generating system. Using the twistor structure of the latter, its general solution is obtained. The singular locus has a string-like (particle-like) structure generating the self-consistent algebraic dynamics of the string system.",Unclassified,0.0
,,"Twistor structures and boost-invariant solutions to field equations
VV Kassandrov, JA Rizcallah, NV Markova - Gravitation and Cosmology, 2017
Related articles All 9 versions",2017/10,23.0,https://arxiv.org/pdf/1808.05280,,,,300-304,"Physics, Mathematics, Physics and Mathematics Education",,Joseph Rizcallah,,,Twistor structures and boost-invariant solutions to field equations,,Gravitation and Cosmology,,https://scholar.google.com/citations?view_op=view_citation&hl=en&user=_yX7T8EAAAAJ&cstart=20&pagesize=80&citation_for_view=_yX7T8EAAAAJ:u5HHmVD_uO8C,,Pleiades Publishing,"Vladimir V Kassandrov, Joseph A Rizcallah, Nina V Markova","We start with a brief overview of a non-Lagrangian approach to field theory based on a generalization of the Kerr-Penrose theorem and algebraic twistor equations. Explicit algorithms for obtaining the set of fundamental (Maxwell, SL(2,ℂ)-Yang-Mills, spinor Weyl and curvature) fields associated with every solution of the basic system of algebraic equations are presented. The notion of a boost-invariant solution is introduced, and the unique axially-symmetric and boost-invariant solution which can be generated by twistor functions is obtained, together with the associated fields. It is found that this solution possesses a wide variety of point-, string- and membrane-like singularities exhibiting nontrivial dynamics and transmutations.",Unclassified,0.0
,,"Speed of transverse waves in a string revisited
JA Rizcallah - Physics Education, 2017
Related articles All 5 versions",2017/9/13,52.0,https://arxiv.org/pdf/1907.11103,,,,065006,"Physics, Mathematics, Physics and Mathematics Education",,Joseph Rizcallah,,,Speed of transverse waves in a string revisited,,Physics Education,,https://scholar.google.com/citations?view_op=view_citation&hl=en&user=_yX7T8EAAAAJ&cstart=20&pagesize=80&citation_for_view=_yX7T8EAAAAJ:2osOgNQ5qMEC,6.0,IOP Publishing,Joseph A Rizcallah,"In many introductory-level physics textbooks, the derivation of the formula for the speed of transverse waves in a string is either omitted altogether or presented under physically overly idealized assumptions about the shape of the considered wave pulse and the related velocity and acceleration distributions. In this paper, we derive the named formula by applying Newton's second law or the work-energy theorem to a finite element of the string, making no assumptions about the shape of the wave. We argue that the suggested method can help the student gain a deeper insight into the nature of waves and the related process of energy transport, as well as provide a new experience with the fundamental principles of mechanics as applied to extended and deformable bodies.",physics,0.605
"Gravitation, Astrophysics, and Cosmology: Proceedings of the Twelfth Asia-Pacific International Conference on Gravitation, Astrophysics, and Cosmology",,"Regular charged formation on an arbitrary worldline in a space with torsion
VV Kassandrov, JA Rizcallah - … , Astrophysics, and Cosmology: Proceedings of the …, 2016
Related articles All 3 versions",2016,,,,,,204-207,"Physics, Mathematics, Physics and Mathematics Education",,Joseph Rizcallah,,,Regular charged formation on an arbitrary worldline in a space with torsion,,,,https://scholar.google.com/citations?view_op=view_citation&hl=en&user=_yX7T8EAAAAJ&cstart=20&pagesize=80&citation_for_view=_yX7T8EAAAAJ:qjMakFHDy7sC,,,"VV Kassandrov, JA Rizcallah","We consider the equations of covariantly-constant vector fields (CCVF) in Weyl nonmetric geometry as well as in a conformal geometry with torsion. On a Minkowski metric background, the CCVF system alone allows us to pin down the Weyl nonmetricity vector or the torsion trace vector, interpreted as the electromagnetic potential. The electromagnetic field corresponding to the fundamental solution of the CCVF system is given by the ordinary Lienard-Wiechert field or a (regular/singular) modification thereof. The magnitude of charge is fixed to unity, “elementary”, and charges of opposite signs correspond to retarded and advanced potentials respectively, suggesting a direct connection between the particle/antiparticle asymmetry and the “arrow of time”.",Unclassified,0.0
,,"Double gauge invariance and convariantly-constant vector fields in the framework of Weyl geometry
VV Kassandrov, JA Rizcallah - arXiv preprint arXiv:1311.5423, 2013
Related articles All 2 versions",2013/11,,https://citeseerx.ist.psu.edu/document?repid=rep1&type=pdf&doi=918211048c5968f28bc682c847ac8f2b1af21beb,,,,,"Physics, Mathematics, Physics and Mathematics Education",,Joseph Rizcallah,,,Double gauge invariance and convariantly-constant vector fields in the framework of Weyl geometry,,arXiv preprint arXiv:1311.5423,,https://scholar.google.com/citations?view_op=view_citation&hl=en&user=_yX7T8EAAAAJ&cstart=20&pagesize=80&citation_for_view=_yX7T8EAAAAJ:WF5omc3nYNoC,,,"Vladimir V Kassandrov, Joseph A Rizcallah","Weyl unified theory of gravitation and electromagnetism [1] remains one of the most elegant geometrodynamical constructions in theoretical physics. Though it is generally accepted that it failed to properly describe the observed structure of gravielectromagnetic phenomena, the concept of gauge invariance it brought along was inherited by quantum theory, where it took the form of a fundamental principle governing the structure of all physical interactions.
As it is well known [1, 2], Weyl manifolds are defined by the assumption that, contrary to Riemann geometry where the length l is preserved, the parallel transport of a 4-vector alters its length by an amount dl proportional to the length l itself,",physics,0.605
,,"QUATERNIONIC ANALYSIS
VV Kassandrov, JA Rizcallah
Related articles",,,,,,,,"Physics, Mathematics, Physics and Mathematics Education",,Joseph Rizcallah,,,QUATERNIONIC ANALYSIS,,,,https://scholar.google.com/citations?view_op=view_citation&hl=en&user=_yX7T8EAAAAJ&cstart=20&pagesize=80&citation_for_view=_yX7T8EAAAAJ:kNdYIx-mwKoC,,,"Vladimir V Kassandrov, Joseph A Rizcallah","The earlier proposed conditions of (bi) quaternionic differentiability are nonlinear, give rize to the 2-spinor and the self-dual gauge structures and may be considered as the generating system of equations (GSE) with respect to the source-free Maxwell, Yang-Mills and eikonal equations. We present the general solution of the GSE in terms of twistor variables, analize its rather specific gauge symmetry and demonstrate the relation of GSE to the equations of shear-free null congruences and, consequently,-to effective metrics of Kerr-Shild type. The concept of particles as singularities of physical fields associated with the solutions of GSE is developed",physics,0.4
,,"Самодуальные связности и уравнения фундаментальных полей в пространстве Вейля-Картана
VV Kassandrov, JA Rizcallah - Физика элементарных частиц и атомного ядра
Related articles",,,,,,,,"Physics, Mathematics, Physics and Mathematics Education",,Joseph Rizcallah,,,Самодуальные связности и уравнения фундаментальных полей в пространстве Вейля-Картана,,Физика элементарных частиц и атомного ядра,,https://scholar.google.com/citations?view_op=view_citation&hl=en&user=_yX7T8EAAAAJ&cstart=20&pagesize=80&citation_for_view=_yX7T8EAAAAJ:8k81kl-MbHgC,,,"VV Kassandrov, JA Rizcallah","Рассматриваются пространства со связностью Вейля и кручением специального вида, определяемые структурой условий дифференцируемостив алгебре комплексных кватернионов. Эти условия совместны лишь при самодуальности кривизны связности. Поля Максвелла и SL (2, ℂ) Янга-Миллса, ассоциируемые с неприводимыми компонентами связности, также оказываются самодуальными, так что соответствующие уравнениявыполняются на решениях генерирующей системы. С использованием твисторной структуры последней получено ее общее решение. При этом сингулярное множество имеет струнную (частицеподобную) структуру, порождая самосогласованную алгебраическую динамику системы струн.",Unclassified,0.0
